﻿<?xml version="1.0" encoding="utf-8"?>
<deployment>
  <id>temp-58f48914</id>
  <author>N/A</author>
  <deployer>GitHub</deployer>
  <authorEmail>N/A</authorEmail>
  <message>Fetch from https://github.com/baytides/DeepTrace</message>
  <progress>Fetching changes.</progress>
  <status>Pending</status>
  <statusText>Receiving changes.</statusText>
  <lastSuccessEndTime />
  <receivedTime>2026-02-10T04:43:35.513226Z</receivedTime>
  <startTime>2026-02-10T04:43:35.513226Z</startTime>
  <endTime />
  <complete>False</complete>
  <is_temp>True</is_temp>
  <is_readonly>False</is_readonly>
  <containerId>d34948fc56a2</containerId>
  <buildSummary />
</deployment>