<step title="BackgroundTrace" date="2026-02-10T04:23:35.003" instance="a2fa83" url="/deploy" method="POST" >
  <step title="Creating temporary deployment - FetchDeploymentManager" date="2026-02-10T04:23:35.353" /><!-- duration: 2ms -->
  <step title="Creating temporary deployment" date="2026-02-10T04:23:35.359" /><!-- duration: 128ms -->
  <step title="Performing fetch based deployment" date="2026-02-10T04:23:35.712" >
    <step title="Deployment timer started" date="2026-02-10T04:23:39.764" >
      <step title="DeploymentManager.Deploy(id:80cbf5d178533fc4eecafc14a1298bc23b705deb)" date="2026-02-10T04:23:39.772" >
        <step title="Collecting changeset information" date="2026-02-10T04:23:39.827" /><!-- duration: 126ms -->
        <step title="Updating submodules" date="2026-02-10T04:23:39.957" /><!-- duration: 1158ms -->
        <step title="Determining deployment builder" date="2026-02-10T04:23:41.363" >
          <step title="Builder is OryxBuilder" date="2026-02-10T04:23:41.367" /><!-- duration: 10ms -->
        </step><!-- duration: 18ms -->
        <step title="PreDeployment: context.CleanOutputPath False" date="2026-02-10T04:23:41.426" >
          <step title="PreDeployment: context.OutputPath /home/site/wwwroot" date="2026-02-10T04:23:41.545" >
            <step title="Building" date="2026-02-10T04:23:41.702" >
              <step title="Executing external process" date="2026-02-10T04:23:42.048" type="process" path="bash" arguments="-c &quot;oryx build /home/site/repository -o /home/site/wwwroot --platform python --platform-version 3.11 -p virtualenv_name=antenv --log-file /tmp/build-debug.log  -i /tmp/8de685c2bc5df40 --compress-destination-dir | tee /tmp/oryx-build.log ; exit $PIPESTATUS &quot;" >
                <step title="Cpu: pip(955,24.140s)+build.sh(852,0.040s)+oryx(829,7.370s)+tee(830,0.010s)+bash(828,0.000s)=total(31.550s)" date="2026-02-10T04:26:48.775" /><!-- duration: 4ms -->
                <step title="bash: no io activity for 61s, prev-cpu=-1.000s, current-cpu=31.550s" date="2026-02-10T04:26:49.174" /><!-- duration: 48ms -->
                <step title="Cpu: pip(955,26.200s)+build.sh(852,0.040s)+oryx(829,7.540s)+tee(830,0.010s)+bash(828,0.000s)=total(33.790s)" date="2026-02-10T04:27:49.838" /><!-- duration: 69ms -->
                <step title="bash: no io activity for 124s, prev-cpu=31.550s, current-cpu=33.790s" date="2026-02-10T04:27:50.049" /><!-- duration: 58ms -->
