<step title="BackgroundTrace" date="2026-02-10T04:43:35.124" instance="a2fa83" url="/deploy" method="POST" >
  <step title="Creating temporary deployment - FetchDeploymentManager" date="2026-02-10T04:43:35.462" /><!-- duration: 3ms -->
  <step title="Creating temporary deployment" date="2026-02-10T04:43:35.492" /><!-- duration: 154ms -->
  <step title="Performing fetch based deployment" date="2026-02-10T04:43:35.883" >
    <step title="Deployment timer started" date="2026-02-10T04:43:39.021" >
      <step title="DeploymentManager.Deploy(id:911840297d153ae09a738e1a3fb63e4847b5bf51)" date="2026-02-10T04:43:39.030" >
        <step title="Collecting changeset information" date="2026-02-10T04:43:39.071" /><!-- duration: 106ms -->
        <step title="Updating submodules" date="2026-02-10T04:43:39.181" /><!-- duration: 1136ms -->
        <step title="Determining deployment builder" date="2026-02-10T04:43:40.626" >
          <step title="Builder is OryxBuilder" date="2026-02-10T04:43:40.632" /><!-- duration: 14ms -->
        </step><!-- duration: 29ms -->
        <step title="PreDeployment: context.CleanOutputPath False" date="2026-02-10T04:43:40.713" >
          <step title="PreDeployment: context.OutputPath /home/site/wwwroot" date="2026-02-10T04:43:40.862" >
            <step title="Building" date="2026-02-10T04:43:41.068" >
              <step title="Executing external process" date="2026-02-10T04:43:41.422" type="process" path="bash" arguments="-c &quot;oryx build /home/site/repository -o /home/site/wwwroot --platform python --platform-version 3.11 -p virtualenv_name=antenv --log-file /tmp/build-debug.log  -i /tmp/8de685ef6991e84 --compress-destination-dir | tee /tmp/oryx-build.log ; exit $PIPESTATUS &quot;" 