﻿<?xml version="1.0" encoding="utf-8"?>
<deployment>
  <id>temp-e3508530</id>
  <author>N/A</author>
  <deployer>GitHub</deployer>
  <authorEmail>N/A</authorEmail>
  <message>Fetch from https://github.com/baytides/DeepTrace</message>
  <progress></progress>
  <status>Failed</status>
  <statusText>Deployment has been stopped due to SCM container restart. The restart can happen due to a management operation on site. Do not perform a management operation and a deployment operation in quick succession. Adding a small delay can help avoid any conflicts.</statusText>
  <lastSuccessEndTime />
  <receivedTime>2026-02-10T04:23:35.3751111Z</receivedTime>
  <startTime>2026-02-10T04:23:35.3751111Z</startTime>
  <endTime>2026-02-10T04:41:18.0121676Z</endTime>
  <complete>True</complete>
  <is_temp>True</is_temp>
  <is_readonly>False</is_readonly>
  <containerId>67a090d524b7</containerId>
  <buildSummary />
</deployment>